ticker,market,currency,rank,source,updated_at,name,trades,last_price,variation
B3SA3.SA,B3,BRL,1,https://www.dadosdemercado.com.br/acoes,2026-05-19 23:31:04,B3,63506400,15.89,"-4,96%"
CSAN3.SA,B3,BRL,2,https://www.dadosdemercado.com.br/acoes,2026-05-19 23:31:04,Cosan,46880300,4.13,"-6,35%"
ITUB4.SA,B3,BRL,3,https://www.dadosdemercado.com.br/acoes,2026-05-19 23:31:04,Itaú Unibanco,41150400,38.78,"-2,12%"
PETR4.SA,B3,BRL,4,https://www.dadosdemercado.com.br/acoes,2026-05-19 23:31:04,Petrobras,40943000,46.09,"-0,75%"
BBDC4.SA,B3,BRL,5,https://www.dadosdemercado.com.br/acoes,2026-05-19 23:31:04,Banco Bradesco,37267200,17.39,"-1,53%"
BBAS3.SA,B3,BRL,6,https://www.dadosdemercado.com.br/acoes,2026-05-19 23:31:04,Banco do Brasil,36742400,20.23,"-0,93%"
ITSA4.SA,B3,BRL,7,https://www.dadosdemercado.com.br/acoes,2026-05-19 23:31:04,Itaúsa,35294800,12.66,"-1,40%"
CPLE3.SA,B3,BRL,8,https://www.dadosdemercado.com.br/acoes,2026-05-19 23:31:04,Copel,31755900,14.7,"-1,01%"
ENEV3.SA,B3,BRL,9,https://www.dadosdemercado.com.br/acoes,2026-05-19 23:31:04,Eneva,29535100,24.21,"-3,12%"
ABEV3.SA,B3,BRL,10,https://www.dadosdemercado.com.br/acoes,2026-05-19 23:31:04,Ambev,25814600,15.81,"+0,00%"
CMIG4.SA,B3,BRL,11,https://www.dadosdemercado.com.br/acoes,2026-05-19 23:31:04,Cemig,24763300,11.31,"-1,65%"
COGN3.SA,B3,BRL,12,https://www.dadosdemercado.com.br/acoes,2026-05-19 23:31:04,Cogna,23710700,2.46,"-1,60%"
VALE3.SA,B3,BRL,13,https://www.dadosdemercado.com.br/acoes,2026-05-19 23:31:04,Vale,20334400,81.02,"-0,99%"
MGLU3.SA,B3,BRL,14,https://www.dadosdemercado.com.br/acoes,2026-05-19 23:31:04,Magazine Luiza,18272100,6.49,"-1,82%"
NATU3.SA,B3,BRL,15,https://www.dadosdemercado.com.br/acoes,2026-05-19 23:31:04,NATURA,17965600,9.74,"-0,10%"
PETR3.SA,B3,BRL,16,https://www.dadosdemercado.com.br/acoes,2026-05-19 23:31:04,Petrobras,17051600,51.67,"-0,23%"
USIM5.SA,B3,BRL,17,https://www.dadosdemercado.com.br/acoes,2026-05-19 23:31:04,Usiminas,16915700,9.13,"+1,11%"
BEEF3.SA,B3,BRL,18,https://www.dadosdemercado.com.br/acoes,2026-05-19 23:31:04,Minerva,16047100,4.22,"-2,99%"
RADL3.SA,B3,BRL,19,https://www.dadosdemercado.com.br/acoes,2026-05-19 23:31:04,RaiaDrogasil,14481000,18.53,"-3,09%"
BHIA3.SA,B3,BRL,20,https://www.dadosdemercado.com.br/acoes,2026-05-19 23:31:04,Casas Bahia,14454300,1.26,"-15,44%"
RAIZ4.SA,B3,BRL,21,https://www.dadosdemercado.com.br/acoes,2026-05-19 23:31:04,Raízen,14271700,0.4,"-6,98%"
ASAI3.SA,B3,BRL,22,https://www.dadosdemercado.com.br/acoes,2026-05-19 23:31:04,Assaí,13055200,8.16,"-1,57%"
CSNA3.SA,B3,BRL,23,https://www.dadosdemercado.com.br/acoes,2026-05-19 23:31:04,Siderúrgica Nacional,12762200,5.9,"-4,07%"
CMIN3.SA,B3,BRL,24,https://www.dadosdemercado.com.br/acoes,2026-05-19 23:31:04,CSN Mineração,12721000,4.08,"-4,67%"
SBSP3.SA,B3,BRL,25,https://www.dadosdemercado.com.br/acoes,2026-05-19 23:31:04,Sabesp,12289200,28.54,"-2,13%"
ANIM3.SA,B3,BRL,26,https://www.dadosdemercado.com.br/acoes,2026-05-19 23:31:04,Ânima Educação,11754400,3.11,"-4,31%"
MOTV3.SA,B3,BRL,27,https://www.dadosdemercado.com.br/acoes,2026-05-19 23:31:04,Motiva,11658800,14.68,"-0,41%"
RAIL3.SA,B3,BRL,28,https://www.dadosdemercado.com.br/acoes,2026-05-19 23:31:04,Rumo,10598800,14.61,"-1,95%"
BPAC11.SA,B3,BRL,29,https://www.dadosdemercado.com.br/acoes,2026-05-19 23:31:04,Banco BTG Pactual,10589600,53.07,"-2,05%"
LREN3.SA,B3,BRL,30,https://www.dadosdemercado.com.br/acoes,2026-05-19 23:31:04,Lojas Renner,10397200,13.64,"-0,94%"
BRAV3.SA,B3,BRL,31,https://www.dadosdemercado.com.br/acoes,2026-05-19 23:31:04,3R Petroleum,10216800,18.76,"-2,14%"
TOTS3.SA,B3,BRL,32,https://www.dadosdemercado.com.br/acoes,2026-05-19 23:31:04,Totvs,10043300,30.64,"-2,61%"
AXIA3.SA,B3,BRL,33,https://www.dadosdemercado.com.br/acoes,2026-05-19 23:31:04,Axia Energia,9672400,53.82,"-0,90%"
HAPV3.SA,B3,BRL,34,https://www.dadosdemercado.com.br/acoes,2026-05-19 23:31:04,Hapvida,9144300,12.71,"-0,94%"
VAMO3.SA,B3,BRL,35,https://www.dadosdemercado.com.br/acoes,2026-05-19 23:31:04,Grupo Vamos,9052500,3.24,"-2,99%"
EQTL3.SA,B3,BRL,36,https://www.dadosdemercado.com.br/acoes,2026-05-19 23:31:04,Equatorial Energia,8716400,37.82,"-2,05%"
MBRF3.SA,B3,BRL,37,https://www.dadosdemercado.com.br/acoes,2026-05-19 23:31:04,Marfrig,8510100,16.5,"-1,84%"
UGPA3.SA,B3,BRL,38,https://www.dadosdemercado.com.br/acoes,2026-05-19 23:31:04,Ultrapar,8415500,28.37,"-3,11%"
VBBR3.SA,B3,BRL,39,https://www.dadosdemercado.com.br/acoes,2026-05-19 23:31:04,Vibra Energia,8042400,32.67,"-1,77%"
KLBN4.SA,B3,BRL,40,https://www.dadosdemercado.com.br/acoes,2026-05-19 23:31:04,Klabin,7953400,3.24,"-1,22%"
JHSF3.SA,B3,BRL,41,https://www.dadosdemercado.com.br/acoes,2026-05-19 23:31:04,JHSF,7888500,10.17,"-3,51%"
GMAT3.SA,B3,BRL,42,https://www.dadosdemercado.com.br/acoes,2026-05-19 23:31:04,Grupo Mateus,7732100,4.13,"-2,36%"
EMBJ3.SA,B3,BRL,43,https://www.dadosdemercado.com.br/acoes,2026-05-19 23:31:04,Embraer,7603900,68.64,"-2,64%"
MRVE3.SA,B3,BRL,44,https://www.dadosdemercado.com.br/acoes,2026-05-19 23:31:04,MRV,7464500,6.11,"-0,49%"
RDOR3.SA,B3,BRL,45,https://www.dadosdemercado.com.br/acoes,2026-05-19 23:31:04,Rede D'Or,7320300,34.1,"-1,93%"
GOAU4.SA,B3,BRL,46,https://www.dadosdemercado.com.br/acoes,2026-05-19 23:31:04,Metalúrgica Gerdau,7296800,10.02,"-1,28%"
GRND3.SA,B3,BRL,47,https://www.dadosdemercado.com.br/acoes,2026-05-19 23:31:04,Grendene,6926500,3.9,"-3,47%"
WEGE3.SA,B3,BRL,48,https://www.dadosdemercado.com.br/acoes,2026-05-19 23:31:04,WEG,6814600,41.82,"-1,23%"
ECOR3.SA,B3,BRL,49,https://www.dadosdemercado.com.br/acoes,2026-05-19 23:31:04,EcoRodovias,6645700,7.58,"+0,80%"
MOVI3.SA,B3,BRL,50,https://www.dadosdemercado.com.br/acoes,2026-05-19 23:31:04,Movida,6453400,8.97,"-6,07%"
CVCB3.SA,B3,BRL,51,https://www.dadosdemercado.com.br/acoes,2026-05-19 23:31:04,CVC,6297300,1.78,"-1,66%"
RENT3.SA,B3,BRL,52,https://www.dadosdemercado.com.br/acoes,2026-05-19 23:31:04,Localiza,6064700,42.09,"-2,05%"
PRIO3.SA,B3,BRL,53,https://www.dadosdemercado.com.br/acoes,2026-05-19 23:31:04,PetroRio,6013800,69.32,"+0,73%"
GGBR4.SA,B3,BRL,54,https://www.dadosdemercado.com.br/acoes,2026-05-19 23:31:04,Gerdau,5951300,23.02,"-1,03%"
MULT3.SA,B3,BRL,55,https://www.dadosdemercado.com.br/acoes,2026-05-19 23:31:04,Multiplan,5742000,29.12,"-2,12%"
BBDC3.SA,B3,BRL,56,https://www.dadosdemercado.com.br/acoes,2026-05-19 23:31:04,Banco Bradesco,5740800,15.13,"-1,37%"
TIMS3.SA,B3,BRL,57,https://www.dadosdemercado.com.br/acoes,2026-05-19 23:31:04,TIM,5738600,22.21,"+0,63%"
PLPL3.SA,B3,BRL,58,https://www.dadosdemercado.com.br/acoes,2026-05-19 23:31:04,Plano&Plano,5534600,10.19,"-0,29%"
CEAB3.SA,B3,BRL,59,https://www.dadosdemercado.com.br/acoes,2026-05-19 23:31:04,C&A,5492000,10.54,"-4,70%"
POMO4.SA,B3,BRL,60,https://www.dadosdemercado.com.br/acoes,2026-05-19 23:31:04,Marcopolo,5486300,5.83,"-2,18%"
CBAV3.SA,B3,BRL,61,https://www.dadosdemercado.com.br/acoes,2026-05-19 23:31:04,CBA,5437200,10.56,"+0,19%"
SUZB3.SA,B3,BRL,62,https://www.dadosdemercado.com.br/acoes,2026-05-19 23:31:04,Suzano,5073700,41.05,"-2,19%"
CYRE3.SA,B3,BRL,63,https://www.dadosdemercado.com.br/acoes,2026-05-19 23:31:04,Cyrela,4833800,21.4,"-1,56%"
BRKM5.SA,B3,BRL,64,https://www.dadosdemercado.com.br/acoes,2026-05-19 23:31:04,Braskem,4780100,12.12,"-2,34%"
SMFT3.SA,B3,BRL,65,https://www.dadosdemercado.com.br/acoes,2026-05-19 23:31:04,Smart Fit,4768700,18.57,"+0,11%"
YDUQ3.SA,B3,BRL,66,https://www.dadosdemercado.com.br/acoes,2026-05-19 23:31:04,YDUQS,4711600,9.32,"-2,51%"
AMBP3.SA,B3,BRL,67,https://www.dadosdemercado.com.br/acoes,2026-05-19 23:31:04,Ambipar,4637100,0.17,"+0,00%"
DIRR3.SA,B3,BRL,68,https://www.dadosdemercado.com.br/acoes,2026-05-19 23:31:04,Direcional,4512200,12.48,"-1,27%"
SAUD3.SA,B3,BRL,69,https://www.dadosdemercado.com.br/acoes,2026-05-19 23:31:04,Odontoprev,4468300,13.39,"-1,62%"
BBSE3.SA,B3,BRL,70,https://www.dadosdemercado.com.br/acoes,2026-05-19 23:31:04,BB Seguridade,4375900,33.91,"-0,62%"
AURE3.SA,B3,BRL,71,https://www.dadosdemercado.com.br/acoes,2026-05-19 23:31:04,Auren Energia,4356100,12.28,"-1,13%"
VIVT3.SA,B3,BRL,72,https://www.dadosdemercado.com.br/acoes,2026-05-19 23:31:04,Vivo,4236600,34.59,"-1,98%"
HBSA3.SA,B3,BRL,73,https://www.dadosdemercado.com.br/acoes,2026-05-19 23:31:04,Hidrovias do Brasil,3983100,3.24,"-0,92%"
CSMG3.SA,B3,BRL,74,https://www.dadosdemercado.com.br/acoes,2026-05-19 23:31:04,COPASA,3947100,52.77,"-1,36%"
ALOS3.SA,B3,BRL,75,https://www.dadosdemercado.com.br/acoes,2026-05-19 23:31:04,Allos,3932300,28.06,"-0,99%"
LJQQ3.SA,B3,BRL,76,https://www.dadosdemercado.com.br/acoes,2026-05-19 23:31:04,Lojas Quero-Quero,3757900,1.36,"-3,55%"
LIGT3.SA,B3,BRL,77,https://www.dadosdemercado.com.br/acoes,2026-05-19 23:31:04,Light,3675900,4.18,"+0,24%"
PGMN3.SA,B3,BRL,78,https://www.dadosdemercado.com.br/acoes,2026-05-19 23:31:04,Pague Menos,3624500,4.55,"-1,73%"
ONCO3.SA,B3,BRL,79,https://www.dadosdemercado.com.br/acoes,2026-05-19 23:31:04,Oncoclínicas,3549600,1.06,"+1,92%"
AZEV3.SA,B3,BRL,80,https://www.dadosdemercado.com.br/acoes,2026-05-19 23:31:04,Azevedo & Travassos,3355300,0.21,"+5,00%"
VIVA3.SA,B3,BRL,81,https://www.dadosdemercado.com.br/acoes,2026-05-19 23:31:04,Vivara,3063100,22.29,"-2,24%"
HYPE3.SA,B3,BRL,82,https://www.dadosdemercado.com.br/acoes,2026-05-19 23:31:04,Hypera,3015000,21.91,"-3,90%"
SMTO3.SA,B3,BRL,83,https://www.dadosdemercado.com.br/acoes,2026-05-19 23:31:04,São Martinho,2992300,18.35,"-0,22%"
SBFG3.SA,B3,BRL,84,https://www.dadosdemercado.com.br/acoes,2026-05-19 23:31:04,Grupo SBF,2905200,10.46,"-3,51%"
CURY3.SA,B3,BRL,85,https://www.dadosdemercado.com.br/acoes,2026-05-19 23:31:04,Cury,2783700,28.84,"-2,20%"
CXSE3.SA,B3,BRL,86,https://www.dadosdemercado.com.br/acoes,2026-05-19 23:31:04,Caixa Seguridade,2783100,17.53,"-0,51%"
GGPS3.SA,B3,BRL,87,https://www.dadosdemercado.com.br/acoes,2026-05-19 23:31:04,GPS,2717500,13.02,"-1,29%"
LWSA3.SA,B3,BRL,88,https://www.dadosdemercado.com.br/acoes,2026-05-19 23:31:04,Locaweb,2715900,3.63,"-1,89%"
AZTE3.SA,B3,BRL,89,https://www.dadosdemercado.com.br/acoes,2026-05-19 23:31:04,AZT Energia,2674400,0.21,"+0,00%"
RECV3.SA,B3,BRL,90,https://www.dadosdemercado.com.br/acoes,2026-05-19 23:31:04,PetroRecôncavo,2669500,11.83,"-3,03%"
TEND3.SA,B3,BRL,91,https://www.dadosdemercado.com.br/acoes,2026-05-19 23:31:04,Construtora Tenda,2609200,29.02,"-0,62%"
KLBN3.SA,B3,BRL,92,https://www.dadosdemercado.com.br/acoes,2026-05-19 23:31:04,Klabin,2585700,3.24,"-1,22%"
RAPT4.SA,B3,BRL,93,https://www.dadosdemercado.com.br/acoes,2026-05-19 23:31:04,Randon,2397100,4.89,"-1,81%"
QUAL3.SA,B3,BRL,94,https://www.dadosdemercado.com.br/acoes,2026-05-19 23:31:04,Qualicorp,2345900,1.75,"-2,78%"
SIMH3.SA,B3,BRL,95,https://www.dadosdemercado.com.br/acoes,2026-05-19 23:31:04,Simpar,2306900,8.77,"-2,88%"
ARML3.SA,B3,BRL,96,https://www.dadosdemercado.com.br/acoes,2026-05-19 23:31:04,Armac,2295700,3.28,"-6,55%"
FLRY3.SA,B3,BRL,97,https://www.dadosdemercado.com.br/acoes,2026-05-19 23:31:04,Fleury,2271900,15.32,"-1,92%"
ALPA4.SA,B3,BRL,98,https://www.dadosdemercado.com.br/acoes,2026-05-19 23:31:04,Alpargatas,2046600,11.28,"-0,18%"
DASA3.SA,B3,BRL,99,https://www.dadosdemercado.com.br/acoes,2026-05-19 23:31:04,Dasa,2045400,3.0,"-3,54%"
BRSR6.SA,B3,BRL,100,https://www.dadosdemercado.com.br/acoes,2026-05-19 23:31:04,Banrisul,1968400,14.43,"-0,62%"
